email,first_name,last_name,gender,ip_address
mhernandez0@github.io,Mildred,Hernandez,Female,38.194.51.128
bortiz1@cyberchimps.com,Bonnie,Ortiz,Female,197.54.209.129
dhenry2@hubpages.com,Dennis,Henry,Male,155.75.186.217
jhansen3@360.cn,Justin,Hansen,Male,251.166.224.119
cgarcia4@github.io.com,Carlos,Garcia,Male,57.171.52.110
ereid5@rediff.com,Ernest,Reid,Male,243.219.170.46
ghenderson6@acquirethisname.com,Gary,Henderson,Male,30.97.220.14
dhenderson7@chicagotribune.com,Dennis,Henderson,Male,27.122.100.11
nallen8@cnet.com,Norma,Allen,Female,168.67.162.1
llawrence9@github.io,Lillian,Lawrence,Female,190.106.124.105
icrawforda@tinyurl.com,Irene,Crawford,Female,156.30.64.85
salvarezb@wix.com,Shirley,Alvarez,Female,233.224.134.184
psimsc@twitter.com,Patricia,Sims,Female,235.115.22.151
djonesd@twitpic.com,Deborah,Jones,Female,248.227.60.4
jsancheze@ezinearticles.com,Joyce,Sanchez,Female,246.105.133.101
jwashingtonf@jimdo.com,Joe,Washington,Male,60.176.60.134
ariverag@whitehouse.gov,Anna,Rivera,Female,105.158.80.2
lelliotth@cbc.ca,Lori,Elliott,Female,160.108.154.74
amurphyi@php.net,Adam,Murphy,Male,170.254.122.46
jalvarezj@so-net.ne.jp,Jennifer,Alvarez,Female,134.159.78.11
wlewisk@woothemes.com,Wanda,Lewis,Female,25.32.100.250
lburnsl@reference.com,Lori,Burns,Female,213.155.201.97
thartm@tiny.cc,Tammy,Hart,Female,217.49.26.167
lwilliamsn@go.com,Lori,Williams,Female,228.82.8.14
abello@yolasite.com,Amy,Bell,Female,161.54.107.191
rhunterp@rakuten.co.jp,Robert,Hunter,Male,130.35.232.64
gryanq@fema.gov,Gregory,Ryan,Male,188.242.255.152
amorganr@google.fr,Andrew,Morgan,Male,3.184.160.117
pdays@topsy.com,Peter,Day,Male,0.24.246.12
ecampbellt@prweb.com,Emily,Campbell,Female,5.94.29.91
sbutleru@sun.com,Stephen,Butler,Male,2.204.190.77
aarnoldv@eepurl.com,Anne,Arnold,Female,64.48.142.241
jdeanw@domainmarket.com,James,Dean,Male,61.166.88.144
bmendozax@unc.edu,Billy,Mendoza,Male,99.107.93.237
echapmany@nyu.edu,Ernest,Chapman,Male,36.121.2.190
jgreenez@arizona.edu,Julia,Greene,Female,47.69.197.20
jblack10@yellowbook.com,Jean,Black,Female,91.222.240.150
tmccoy11@utexas.edu,Terry,Mccoy,Male,162.37.134.189
rwagnerdu@gizmodo.com,Ronald,Wagner,Male,219.139.229.75
lsullivandv@seattletimes.com,Louis,Sullivan,Male,247.124.195.53
astewartdw@phpbb.com,Angela,Stewart,Female,26.29.41.140
scarrdx@nydailynews.com,Sara,Carr,Female,117.138.102.147
mgeorgedy@kickstarter.com,Mildred,George,Female,250.86.206.220
kreynoldsdz@china.com.cn,Keith,Reynolds,Male,86.61.189.12
slittlee0@miitbeian.gov.cn,Sara,Little,Female,224.60.244.110
jrusselle1@unc.edu,Jimmy,Russell,Male,55.171.104.203
jgutierreze2@kickstarter.com,Jessica,Gutierrez,Female,231.135.128.39
cjamese3@seesaa.net,Carl,James,Male,9.1.203.24
tpereze4@unc.edu,Theresa,Perez,Female,79.162.185.29
krobinsone5@youtu.be,Kathy,Robinson,Female,66.170.124.255
rgordone6@spotify.com,Rose,Gordon,Female,223.29.185.126
thudsone7@wikimedia.org,Teresa,Hudson,Female,213.209.13.69
tedwardse8@woothemes.com,Teresa,Edwards,Female,23.200.233.60
jlarsone9@constantcontact.com,Jonathan,Larson,Male,31.168.53.59
ncarrollea@sina.com.cn,Nancy,Carroll,Female,18.69.172.156
lwarreneb@ovh.net,Lawrence,Warren,Male,203.253.104.175
afergusonec@netscape.com,Aaron,Ferguson,Male,248.82.72.41
gberryed@pcworld.com,Gary,Berry,Male,210.125.163.113
